PID,DELTA.BMI,c104t,a1691g,c2249t
01127409, 0.62390966,C/C,G/G,T/T
00246311, 1.31467723,C/C,A/A,T/T
00295185, 0.14557216,C/C,G/G,T/T
00034301, 0.71724779,C/T,A/A,T/T
00096890, 0.36547546,C/C,A/A,T/T
00873040,-1.55914252,C/T,A/A,C/T
00732686, 2.54430278,C/T,A/A,C/T
01070337,-0.47641762,C/C,G/G,C/T
00611474, 1.73689506,T/T,A/A,T/T
00864795,-0.90662058,T/T,G/G,T/T
00918732,-0.31370184,C/C,A/A,C/C
00618784, 0.14475739,C/T,A/A,T/T
01403693,-0.40294393,C/T,G/G,T/T
02032187,-0.30590688,T/T,A/A,T/T
00366659, 1.33851658,C/C,A/A,T/T
00845125, 0.86584499,C/C,A/A,T/T
00298023, 2.18598811,C/C,G/G,C/T
02157282, 0.70348866,C/C,A/A,C/T
00803951, 1.88416610,C/C,A/A,T/T
00882445, 1.88549144,C/C,A/A,T/T
01150083, 1.48282724,C/C,A/G,T/T
02088263, 2.56937805,T/T,A/A,T/T
01287201, 1.91065257,C/C,G/G,T/T
00115092,-0.01537719,T/T,G/G,T/T
02135848, 2.44097283,C/T,G/G,T/T
01533373,-1.79450947,C/C,A/A,T/T
01276862, 2.14057568,C/C,A/A,T/T
00221971, 1.54749874,C/C,G/G,T/T
00861315, 0.24441620,C/T,A/A,T/T
00087413,-0.99468615,T/T,A/A,T/T
01360126, 2.04552409,C/C,G/G,T/T
00556103, 0.28281046,C/C,G/G,T/T
01346315, 1.06237532,C/C,A/A,T/T
01804633,-0.00385481,T/T,A/G,T/T
01011442, 0.48108310,C/C,G/G,T/T
00803557,-2.99053022,T/T,G/G,T/T
00515912, 1.49279556,C/C,A/A,T/T
00169684,-1.23580721,C/C,G/G,T/T
00059120, 0.06400596,C/T,A/A,T/T
00752435, 2.52648644,C/C,G/G,T/T
00788752,-1.36428259,T/T,A/A,T/T
00751486, 0.72759632,C/C,A/A,T/T
00458803, 1.74315854,C/C,A/A,T/T
01419954, 0.63648436,C/C,G/G,T/T
02345907, 0.26442754,C/C,A/A,C/C
00324042, 0.37067176,C/C,A/A,T/T
01371961, 2.61511284,C/C,A/A,T/T
00309839,-0.26442266,C/C,A/A,T/T
01549358, 2.88531831,C/C,G/G,T/T
01897731,-0.23598921,C/C,A/A,T/T
00965366,-0.67902921,T/T,A/A,T/T
01269754, 0.85410931,C/C,G/G,T/T
01269285,-0.96192347,C/C,A/A,T/T
00657099,-0.07227161,C/C,G/G,T/T
00777624,-0.85502357,T/T,A/A,T/T
00091238, 1.25489689,T/T,A/A,T/T
00211292, 0.53930311,C/T,A/A,C/T
00020813, 0.09478948,C/T,A/A,T/T
02285393, 0.88452839,C/T,G/G,T/T
00815154,-0.66684196,C/T,G/G,T/T
00319565,-0.17516960,T/T,A/A,T/T
00790798, 0.24168860,T/T,A/A,T/T
01015630, 0.03949522,T/T,G/G,T/T
00176972, 0.71005989,C/T,G/G,C/T
01010568, 1.96810483,C/C,A/A,T/T
02108774, 0.92269642,C/C,A/A,T/T
00837358, 0.96785641,C/C,G/G,T/T
00839539, 1.84379209,C/C,A/A,T/T
01687654, 0.63713012,T/T,A/A,T/T
00019101, 1.14485949,C/C,A/A,C/C
02216628,-0.63449201,C/C,A/A,T/T
00146502, 0.55917031,C/T,A/G,T/T
02847809,-0.65522345,T/T,G/G,T/T
01090873,-1.23888034,C/T,G/G,T/T
00400579, 0.28825009,C/C,A/A,T/T
00226001, 1.30684212,C/C,G/G,T/T
01374583, 0.77596253,C/T,A/A,T/T
00512566, 0.91477827,C/C,G/G,C/T
00747178, 1.51580675,C/C,A/G,T/T
01076826, 2.26302728,C/C,A/A,C/C
01691633, 1.17669289,C/C,G/G,T/T
00931565, 1.95872322,C/C,A/A,T/T
01633803,-0.16339637,C/T,A/A,T/T
01800352,-1.14332353,T/T,A/A,T/T
00371509, 1.11888267,C/C,A/A,T/T
01005745, 0.06812222,C/T,G/G,T/T
00965355, 2.13453582,C/C,G/G,T/T
00305132, 0.36929628,C/T,G/G,T/T
00436031, 1.40005165,T/T,A/A,T/T
01106474, 0.81117111,C/C,A/A,T/T
00289593, 0.86960664,C/C,G/G,C/T
00493533, 0.93620639,C/C,G/G,T/T
00635052,-0.28131220,T/T,G/G,T/T
00735942, 2.14977507,C/C,A/G,T/T
00531722, 1.72857447,C/C,G/G,T/T
00052969, 3.89732106,C/C,A/A,T/T
00357223,-0.31698610,T/T,G/G,T/T
00266110, 0.77503725,T/T,G/G,T/T
00085266, 1.01225542,C/C,G/G,T/T
00077481, 3.12579289,C/C,A/A,T/T
